trial,testing,parameters,initial_deadline,final_deadline,net_reward,actions,success
1,False,"{'a': 0.5, 'e': 0.995}",25,0,-146.27325246010156,"{0: 13, 1: 2, 2: 7, 3: 2, 4: 1}",0
2,False,"{'a': 0.5, 'e': 0.99}",25,19,-12.065137688412156,"{0: 5, 1: 0, 2: 0, 3: 1, 4: 0}",1
3,False,"{'a': 0.5, 'e': 0.985}",30,4,-27.943598499779718,"{0: 21, 1: 1, 2: 3, 3: 1, 4: 0}",1
4,False,"{'a': 0.5, 'e': 0.98}",35,3,-73.54038107001207,"{0: 26, 1: 3, 2: 1, 3: 0, 4: 2}",1
5,False,"{'a': 0.5, 'e': 0.975}",20,0,-38.33078482634678,"{0: 17, 1: 0, 2: 2, 3: 0, 4: 1}",0
6,False,"{'a': 0.5, 'e': 0.97}",20,9,-3.5816646507221277,"{0: 9, 1: 1, 2: 1, 3: 0, 4: 0}",1
7,False,"{'a': 0.5, 'e': 0.965}",25,0,-98.52813281065593,"{0: 20, 1: 1, 2: 0, 3: 2, 4: 2}",0
8,False,"{'a': 0.5, 'e': 0.96}",25,0,-55.823880533221754,"{0: 21, 1: 0, 2: 2, 3: 1, 4: 1}",0
9,False,"{'a': 0.5, 'e': 0.955}",30,12,21.139267211712248,"{0: 17, 1: 0, 2: 1, 3: 0, 4: 0}",1
10,False,"{'a': 0.5, 'e': 0.95}",30,2,-19.398611071114217,"{0: 24, 1: 0, 2: 3, 3: 1, 4: 0}",1
11,False,"{'a': 0.5, 'e': 0.945}",20,0,-20.415137060336296,"{0: 17, 1: 1, 2: 1, 3: 1, 4: 0}",0
12,False,"{'a': 0.5, 'e': 0.94}",20,0,-39.23072679232662,"{0: 16, 1: 1, 2: 2, 3: 0, 4: 1}",0
13,False,"{'a': 0.5, 'e': 0.9349999999999999}",20,10,-26.019447678412135,"{0: 9, 1: 0, 2: 0, 3: 0, 4: 1}",1
14,False,"{'a': 0.5, 'e': 0.9299999999999999}",30,0,-18.25992132516036,"{0: 27, 1: 0, 2: 2, 3: 0, 4: 1}",1
15,False,"{'a': 0.5, 'e': 0.9249999999999999}",25,0,-94.3071386036057,"{0: 20, 1: 1, 2: 1, 3: 1, 4: 2}",0
16,False,"{'a': 0.5, 'e': 0.9199999999999999}",20,9,-32.02892716589524,"{0: 9, 1: 1, 2: 0, 3: 0, 4: 1}",1
17,False,"{'a': 0.5, 'e': 0.9149999999999999}",25,0,-63.580714322532074,"{0: 22, 1: 0, 2: 1, 3: 0, 4: 2}",0
18,False,"{'a': 0.5, 'e': 0.9099999999999999}",20,7,-29.567466600551274,"{0: 10, 1: 1, 2: 0, 3: 2, 4: 0}",1
19,False,"{'a': 0.5, 'e': 0.9049999999999999}",25,0,-168.23202530819333,"{0: 17, 1: 2, 2: 2, 3: 0, 4: 4}",0
20,False,"{'a': 0.5, 'e': 0.8999999999999999}",25,0,-1.343923557864225,"{0: 24, 1: 0, 2: 0, 3: 1, 4: 0}",0
21,False,"{'a': 0.5, 'e': 0.8949999999999999}",25,3,-100.07061630452365,"{0: 18, 1: 0, 2: 1, 3: 0, 4: 3}",1
22,False,"{'a': 0.5, 'e': 0.8899999999999999}",25,0,-122.94407532496854,"{0: 17, 1: 2, 2: 2, 3: 2, 4: 2}",0
23,False,"{'a': 0.5, 'e': 0.8849999999999999}",35,0,-1.6876451389139495,"{0: 33, 1: 1, 2: 0, 3: 0, 4: 1}",0
24,False,"{'a': 0.5, 'e': 0.8799999999999999}",20,0,-34.074758436234646,"{0: 18, 1: 0, 2: 0, 3: 1, 4: 1}",0
25,False,"{'a': 0.5, 'e': 0.8749999999999999}",25,2,-39.14992144196077,"{0: 20, 1: 0, 2: 1, 3: 1, 4: 1}",1
26,False,"{'a': 0.5, 'e': 0.8699999999999999}",20,0,-6.3546865181617544,"{0: 18, 1: 0, 2: 1, 3: 1, 4: 0}",0
27,False,"{'a': 0.5, 'e': 0.8649999999999999}",25,0,-36.946160662848726,"{0: 21, 1: 1, 2: 2, 3: 0, 4: 1}",0
28,False,"{'a': 0.5, 'e': 0.8599999999999999}",20,6,19.541371737262676,"{0: 14, 1: 0, 2: 0, 3: 0, 4: 0}",1
29,False,"{'a': 0.5, 'e': 0.8549999999999999}",25,0,5.128377181165607,"{0: 23, 1: 0, 2: 2, 3: 0, 4: 0}",0
30,False,"{'a': 0.5, 'e': 0.8499999999999999}",20,0,-12.489635162815915,"{0: 17, 1: 0, 2: 2, 3: 1, 4: 0}",0
31,False,"{'a': 0.5, 'e': 0.8449999999999999}",25,0,-7.336772854121605,"{0: 24, 1: 0, 2: 0, 3: 0, 4: 1}",0
32,False,"{'a': 0.5, 'e': 0.8399999999999999}",20,0,-32.23044951141679,"{0: 18, 1: 0, 2: 0, 3: 1, 4: 1}",0
33,False,"{'a': 0.5, 'e': 0.8349999999999999}",20,8,21.136525270599282,"{0: 12, 1: 0, 2: 0, 3: 0, 4: 0}",1
34,False,"{'a': 0.5, 'e': 0.8299999999999998}",25,12,21.251553655137123,"{0: 13, 1: 0, 2: 0, 3: 0, 4: 0}",1
35,False,"{'a': 0.5, 'e': 0.8249999999999998}",20,1,-16.038644622547594,"{0: 18, 1: 0, 2: 0, 3: 0, 4: 1}",1
36,False,"{'a': 0.5, 'e': 0.8199999999999998}",25,15,20.640734068179903,"{0: 10, 1: 0, 2: 0, 3: 0, 4: 0}",1
37,False,"{'a': 0.5, 'e': 0.8149999999999998}",20,3,32.20520187453014,"{0: 17, 1: 0, 2: 0, 3: 0, 4: 0}",1
38,False,"{'a': 0.5, 'e': 0.8099999999999998}",35,10,30.635209068431227,"{0: 25, 1: 0, 2: 0, 3: 0, 4: 0}",1
39,False,"{'a': 0.5, 'e': 0.8049999999999998}",20,10,11.220809679345306,"{0: 10, 1: 0, 2: 0, 3: 0, 4: 0}",1
40,False,"{'a': 0.5, 'e': 0.7999999999999998}",25,3,29.204020704260426,"{0: 22, 1: 0, 2: 0, 3: 0, 4: 0}",1
41,False,"{'a': 0.5, 'e': 0.7949999999999998}",25,0,18.09526762751237,"{0: 24, 1: 0, 2: 1, 3: 0, 4: 0}",0
42,False,"{'a': 0.5, 'e': 0.7899999999999998}",25,0,8.616580095746732,"{0: 24, 1: 0, 2: 0, 3: 1, 4: 0}",0
43,False,"{'a': 0.5, 'e': 0.7849999999999998}",30,0,-16.913258846247196,"{0: 27, 1: 0, 2: 1, 3: 2, 4: 0}",0
44,False,"{'a': 0.5, 'e': 0.7799999999999998}",25,3,17.416294288022268,"{0: 21, 1: 0, 2: 1, 3: 0, 4: 0}",1
45,False,"{'a': 0.5, 'e': 0.7749999999999998}",25,1,11.617587009615615,"{0: 23, 1: 0, 2: 0, 3: 1, 4: 0}",1
46,False,"{'a': 0.5, 'e': 0.7699999999999998}",25,0,1.9890609183189192,"{0: 23, 1: 1, 2: 0, 3: 1, 4: 0}",0
47,False,"{'a': 0.5, 'e': 0.7649999999999998}",20,0,17.173064205124636,"{0: 19, 1: 0, 2: 1, 3: 0, 4: 0}",0
48,False,"{'a': 0.5, 'e': 0.7599999999999998}",30,6,21.8784004139862,"{0: 23, 1: 0, 2: 1, 3: 0, 4: 0}",1
49,False,"{'a': 0.5, 'e': 0.7549999999999998}",25,2,31.685983687926377,"{0: 23, 1: 0, 2: 0, 3: 0, 4: 0}",1
50,False,"{'a': 0.5, 'e': 0.7499999999999998}",25,0,-16.238761801204042,"{0: 24, 1: 0, 2: 0, 3: 0, 4: 1}",0
51,False,"{'a': 0.5, 'e': 0.7449999999999998}",30,0,41.596554875105056,"{0: 30, 1: 0, 2: 0, 3: 0, 4: 0}",0
52,False,"{'a': 0.5, 'e': 0.7399999999999998}",25,0,-48.65496058008272,"{0: 21, 1: 2, 2: 0, 3: 1, 4: 1}",0
53,False,"{'a': 0.5, 'e': 0.7349999999999998}",35,0,40.26283959331125,"{0: 35, 1: 0, 2: 0, 3: 0, 4: 0}",0
54,False,"{'a': 0.5, 'e': 0.7299999999999998}",20,8,15.793837685162245,"{0: 12, 1: 0, 2: 0, 3: 0, 4: 0}",1
55,False,"{'a': 0.5, 'e': 0.7249999999999998}",20,0,-23.76579580985737,"{0: 18, 1: 0, 2: 1, 3: 0, 4: 1}",0
56,False,"{'a': 0.5, 'e': 0.7199999999999998}",20,0,-11.662919823591881,"{0: 17, 1: 2, 2: 0, 3: 1, 4: 0}",0
57,False,"{'a': 0.5, 'e': 0.7149999999999997}",20,1,24.468806687188962,"{0: 19, 1: 0, 2: 0, 3: 0, 4: 0}",1
58,False,"{'a': 0.5, 'e': 0.7099999999999997}",20,12,17.106532231237168,"{0: 8, 1: 0, 2: 0, 3: 0, 4: 0}",1
59,False,"{'a': 0.5, 'e': 0.7049999999999997}",20,0,25.407786625795744,"{0: 20, 1: 0, 2: 0, 3: 0, 4: 0}",0
60,False,"{'a': 0.5, 'e': 0.6999999999999997}",20,0,20.382526361521293,"{0: 19, 1: 1, 2: 0, 3: 0, 4: 0}",0
61,False,"{'a': 0.5, 'e': 0.6949999999999997}",30,0,35.21708588309161,"{0: 30, 1: 0, 2: 0, 3: 0, 4: 0}",0
62,False,"{'a': 0.5, 'e': 0.6899999999999997}",30,0,32.947789747603046,"{0: 30, 1: 0, 2: 0, 3: 0, 4: 0}",0
63,False,"{'a': 0.5, 'e': 0.6849999999999997}",30,3,33.35898834575532,"{0: 26, 1: 1, 2: 0, 3: 0, 4: 0}",1
64,False,"{'a': 0.5, 'e': 0.6799999999999997}",20,4,-17.420138274668773,"{0: 15, 1: 0, 2: 0, 3: 0, 4: 1}",1
65,False,"{'a': 0.5, 'e': 0.6749999999999997}",20,0,3.728073910163464,"{0: 19, 1: 0, 2: 0, 3: 1, 4: 0}",0
66,False,"{'a': 0.5, 'e': 0.6699999999999997}",20,0,-13.951273286649156,"{0: 19, 1: 0, 2: 0, 3: 0, 4: 1}",0
67,False,"{'a': 0.5, 'e': 0.6649999999999997}",30,3,15.685178149754641,"{0: 26, 1: 0, 2: 0, 3: 1, 4: 0}",1
68,False,"{'a': 0.5, 'e': 0.6599999999999997}",20,0,-48.030858447993516,"{0: 17, 1: 1, 2: 0, 3: 1, 4: 1}",0
69,False,"{'a': 0.5, 'e': 0.6549999999999997}",20,0,-79.88081805614533,"{0: 17, 1: 0, 2: 0, 3: 1, 4: 2}",0
70,False,"{'a': 0.5, 'e': 0.6499999999999997}",20,0,16.098944157649306,"{0: 19, 1: 0, 2: 1, 3: 0, 4: 0}",0
71,False,"{'a': 0.5, 'e': 0.6449999999999997}",25,5,29.311753011427097,"{0: 20, 1: 0, 2: 0, 3: 0, 4: 0}",1
72,False,"{'a': 0.5, 'e': 0.6399999999999997}",20,0,-16.334971708592835,"{0: 19, 1: 0, 2: 0, 3: 0, 4: 1}",0
73,False,"{'a': 0.5, 'e': 0.6349999999999997}",30,16,24.07688361785403,"{0: 14, 1: 0, 2: 0, 3: 0, 4: 0}",1
74,False,"{'a': 0.5, 'e': 0.6299999999999997}",30,0,40.6356159662686,"{0: 30, 1: 0, 2: 0, 3: 0, 4: 0}",0
75,False,"{'a': 0.5, 'e': 0.6249999999999997}",20,0,13.463818839075497,"{0: 19, 1: 0, 2: 1, 3: 0, 4: 0}",0
76,False,"{'a': 0.5, 'e': 0.6199999999999997}",25,0,-23.105744790204007,"{0: 23, 1: 0, 2: 1, 3: 0, 4: 1}",0
77,False,"{'a': 0.5, 'e': 0.6149999999999997}",25,0,7.016213143992419,"{0: 24, 1: 0, 2: 0, 3: 1, 4: 0}",0
78,False,"{'a': 0.5, 'e': 0.6099999999999997}",25,0,36.794597655554156,"{0: 25, 1: 0, 2: 0, 3: 0, 4: 0}",0
79,False,"{'a': 0.5, 'e': 0.6049999999999996}",20,5,-40.1349515987821,"{0: 13, 1: 0, 2: 0, 3: 1, 4: 1}",1
80,False,"{'a': 0.5, 'e': 0.5999999999999996}",30,0,29.39021520815442,"{0: 29, 1: 1, 2: 0, 3: 0, 4: 0}",0
81,False,"{'a': 0.5, 'e': 0.5949999999999996}",30,7,34.94518621461745,"{0: 23, 1: 0, 2: 0, 3: 0, 4: 0}",1
82,False,"{'a': 0.5, 'e': 0.5899999999999996}",20,12,11.748639051091784,"{0: 8, 1: 0, 2: 0, 3: 0, 4: 0}",1
83,False,"{'a': 0.5, 'e': 0.5849999999999996}",20,0,16.925370083742305,"{0: 20, 1: 0, 2: 0, 3: 0, 4: 0}",0
84,False,"{'a': 0.5, 'e': 0.5799999999999996}",25,0,34.262522763446604,"{0: 25, 1: 0, 2: 0, 3: 0, 4: 0}",0
85,False,"{'a': 0.5, 'e': 0.5749999999999996}",20,7,16.358692960657773,"{0: 13, 1: 0, 2: 0, 3: 0, 4: 0}",1
86,False,"{'a': 0.5, 'e': 0.5699999999999996}",25,0,-3.7173166565578533,"{0: 24, 1: 0, 2: 0, 3: 0, 4: 1}",0
87,False,"{'a': 0.5, 'e': 0.5649999999999996}",20,11,14.869995053725248,"{0: 9, 1: 0, 2: 0, 3: 0, 4: 0}",1
88,False,"{'a': 0.5, 'e': 0.5599999999999996}",20,8,-26.570321583287885,"{0: 11, 1: 0, 2: 0, 3: 0, 4: 1}",1
89,False,"{'a': 0.5, 'e': 0.5549999999999996}",30,15,31.458832001111162,"{0: 15, 1: 0, 2: 0, 3: 0, 4: 0}",1
90,False,"{'a': 0.5, 'e': 0.5499999999999996}",25,0,13.235672533676741,"{0: 24, 1: 0, 2: 0, 3: 1, 4: 0}",0
91,False,"{'a': 0.5, 'e': 0.5449999999999996}",20,0,22.752958053121876,"{0: 20, 1: 0, 2: 0, 3: 0, 4: 0}",0
92,False,"{'a': 0.5, 'e': 0.5399999999999996}",35,8,-2.719893828738851,"{0: 26, 1: 0, 2: 0, 3: 0, 4: 1}",1
93,False,"{'a': 0.5, 'e': 0.5349999999999996}",25,0,29.313309014878072,"{0: 25, 1: 0, 2: 0, 3: 0, 4: 0}",0
94,False,"{'a': 0.5, 'e': 0.5299999999999996}",30,8,18.021036107769557,"{0: 21, 1: 0, 2: 1, 3: 0, 4: 0}",1
95,False,"{'a': 0.5, 'e': 0.5249999999999996}",35,0,21.09472412511579,"{0: 34, 1: 0, 2: 0, 3: 1, 4: 0}",0
96,False,"{'a': 0.5, 'e': 0.5199999999999996}",30,0,-1.7752225873189011,"{0: 29, 1: 0, 2: 0, 3: 0, 4: 1}",0
97,False,"{'a': 0.5, 'e': 0.5149999999999996}",30,14,5.301730648223798,"{0: 15, 1: 0, 2: 0, 3: 1, 4: 0}",1
98,False,"{'a': 0.5, 'e': 0.5099999999999996}",20,3,26.226023466109506,"{0: 17, 1: 0, 2: 0, 3: 0, 4: 0}",1
99,False,"{'a': 0.5, 'e': 0.5049999999999996}",20,0,18.608711284499563,"{0: 20, 1: 0, 2: 0, 3: 0, 4: 0}",0
100,False,"{'a': 0.5, 'e': 0.49999999999999956}",20,7,18.55684113108262,"{0: 13, 1: 0, 2: 0, 3: 0, 4: 0}",1
101,False,"{'a': 0.5, 'e': 0.49499999999999955}",25,0,13.798864617951642,"{0: 22, 1: 2, 2: 1, 3: 0, 4: 0}",0
102,False,"{'a': 0.5, 'e': 0.48999999999999955}",20,0,27.295833543848353,"{0: 20, 1: 0, 2: 0, 3: 0, 4: 0}",0
103,False,"{'a': 0.5, 'e': 0.48499999999999954}",30,22,12.137976670803042,"{0: 8, 1: 0, 2: 0, 3: 0, 4: 0}",1
104,False,"{'a': 0.5, 'e': 0.47999999999999954}",20,13,13.574133661160177,"{0: 7, 1: 0, 2: 0, 3: 0, 4: 0}",1
105,False,"{'a': 0.5, 'e': 0.47499999999999953}",20,0,28.06557271214466,"{0: 20, 1: 0, 2: 0, 3: 0, 4: 0}",0
106,False,"{'a': 0.5, 'e': 0.46999999999999953}",30,0,-91.5316721127042,"{0: 27, 1: 0, 2: 0, 3: 0, 4: 3}",0
107,False,"{'a': 0.5, 'e': 0.4649999999999995}",20,0,21.40809523530527,"{0: 20, 1: 0, 2: 0, 3: 0, 4: 0}",0
108,False,"{'a': 0.5, 'e': 0.4599999999999995}",20,0,-1.4905711807981397,"{0: 19, 1: 0, 2: 0, 3: 1, 4: 0}",0
109,False,"{'a': 0.5, 'e': 0.4549999999999995}",30,21,16.234512861854757,"{0: 9, 1: 0, 2: 0, 3: 0, 4: 0}",1
110,False,"{'a': 0.5, 'e': 0.4499999999999995}",30,0,15.925154897410954,"{0: 29, 1: 0, 2: 0, 3: 1, 4: 0}",0
111,False,"{'a': 0.5, 'e': 0.4449999999999995}",25,8,29.505241992904935,"{0: 17, 1: 0, 2: 0, 3: 0, 4: 0}",1
112,False,"{'a': 0.5, 'e': 0.4399999999999995}",25,0,31.301059344982182,"{0: 25, 1: 0, 2: 0, 3: 0, 4: 0}",0
113,False,"{'a': 0.5, 'e': 0.4349999999999995}",20,0,29.20676386188191,"{0: 20, 1: 0, 2: 0, 3: 0, 4: 0}",0
114,False,"{'a': 0.5, 'e': 0.4299999999999995}",35,3,40.05726080468888,"{0: 32, 1: 0, 2: 0, 3: 0, 4: 0}",1
115,False,"{'a': 0.5, 'e': 0.4249999999999995}",20,0,15.126538621647677,"{0: 19, 1: 0, 2: 1, 3: 0, 4: 0}",0
116,False,"{'a': 0.5, 'e': 0.4199999999999995}",30,0,30.389271060511305,"{0: 30, 1: 0, 2: 0, 3: 0, 4: 0}",0
117,False,"{'a': 0.5, 'e': 0.4149999999999995}",30,3,31.38133357452355,"{0: 27, 1: 0, 2: 0, 3: 0, 4: 0}",1
118,False,"{'a': 0.5, 'e': 0.4099999999999995}",20,1,26.59747008330728,"{0: 19, 1: 0, 2: 0, 3: 0, 4: 0}",1
119,False,"{'a': 0.5, 'e': 0.40499999999999947}",20,0,23.74659308755785,"{0: 20, 1: 0, 2: 0, 3: 0, 4: 0}",0
120,False,"{'a': 0.5, 'e': 0.39999999999999947}",35,12,36.41148423272537,"{0: 23, 1: 0, 2: 0, 3: 0, 4: 0}",1
121,False,"{'a': 0.5, 'e': 0.39499999999999946}",30,15,24.605763220995538,"{0: 15, 1: 0, 2: 0, 3: 0, 4: 0}",1
122,False,"{'a': 0.5, 'e': 0.38999999999999946}",20,0,29.421605805508793,"{0: 20, 1: 0, 2: 0, 3: 0, 4: 0}",0
123,False,"{'a': 0.5, 'e': 0.38499999999999945}",25,0,15.923594592554037,"{0: 24, 1: 0, 2: 0, 3: 1, 4: 0}",0
124,False,"{'a': 0.5, 'e': 0.37999999999999945}",20,0,23.936316610424104,"{0: 20, 1: 0, 2: 0, 3: 0, 4: 0}",0
125,False,"{'a': 0.5, 'e': 0.37499999999999944}",30,0,40.85640563305847,"{0: 30, 1: 0, 2: 0, 3: 0, 4: 0}",0
126,False,"{'a': 0.5, 'e': 0.36999999999999944}",20,9,7.547992177300131,"{0: 10, 1: 0, 2: 1, 3: 0, 4: 0}",1
127,False,"{'a': 0.5, 'e': 0.36499999999999944}",20,0,24.636223777347215,"{0: 20, 1: 0, 2: 0, 3: 0, 4: 0}",0
128,False,"{'a': 0.5, 'e': 0.35999999999999943}",20,0,21.170190154535646,"{0: 20, 1: 0, 2: 0, 3: 0, 4: 0}",0
129,False,"{'a': 0.5, 'e': 0.3549999999999994}",25,0,-11.556015164418058,"{0: 24, 1: 0, 2: 0, 3: 0, 4: 1}",0
130,False,"{'a': 0.5, 'e': 0.3499999999999994}",20,6,20.9633143428107,"{0: 14, 1: 0, 2: 0, 3: 0, 4: 0}",1
131,False,"{'a': 0.5, 'e': 0.3449999999999994}",30,13,27.99018103987553,"{0: 17, 1: 0, 2: 0, 3: 0, 4: 0}",1
132,False,"{'a': 0.5, 'e': 0.3399999999999994}",20,0,20.605146682621925,"{0: 20, 1: 0, 2: 0, 3: 0, 4: 0}",0
133,False,"{'a': 0.5, 'e': 0.3349999999999994}",25,11,-5.245362722557902,"{0: 12, 1: 1, 2: 0, 3: 1, 4: 0}",1
134,False,"{'a': 0.5, 'e': 0.3299999999999994}",25,0,30.871118194668735,"{0: 25, 1: 0, 2: 0, 3: 0, 4: 0}",0
135,False,"{'a': 0.5, 'e': 0.3249999999999994}",20,0,19.665762447385934,"{0: 20, 1: 0, 2: 0, 3: 0, 4: 0}",0
136,False,"{'a': 0.5, 'e': 0.3199999999999994}",25,12,20.067168231931184,"{0: 13, 1: 0, 2: 0, 3: 0, 4: 0}",1
137,False,"{'a': 0.5, 'e': 0.3149999999999994}",30,0,41.20243140015417,"{0: 30, 1: 0, 2: 0, 3: 0, 4: 0}",0
138,False,"{'a': 0.5, 'e': 0.3099999999999994}",20,0,-12.265307008729382,"{0: 19, 1: 0, 2: 0, 3: 0, 4: 1}",0
139,False,"{'a': 0.5, 'e': 0.3049999999999994}",20,0,-16.062087591513343,"{0: 19, 1: 0, 2: 0, 3: 0, 4: 1}",0
140,False,"{'a': 0.5, 'e': 0.2999999999999994}",20,0,24.564878478261388,"{0: 20, 1: 0, 2: 0, 3: 0, 4: 0}",0
141,False,"{'a': 0.5, 'e': 0.2949999999999994}",30,0,32.995079350314526,"{0: 30, 1: 0, 2: 0, 3: 0, 4: 0}",0
142,False,"{'a': 0.5, 'e': 0.28999999999999937}",20,0,-40.25976922014267,"{0: 18, 1: 0, 2: 0, 3: 1, 4: 1}",0
143,False,"{'a': 0.5, 'e': 0.28499999999999936}",20,3,-13.305526339849512,"{0: 16, 1: 0, 2: 0, 3: 0, 4: 1}",1
144,False,"{'a': 0.5, 'e': 0.27999999999999936}",20,0,-3.8662267369142893,"{0: 19, 1: 0, 2: 0, 3: 1, 4: 0}",0
145,False,"{'a': 0.5, 'e': 0.27499999999999936}",20,9,18.317202130353476,"{0: 11, 1: 0, 2: 0, 3: 0, 4: 0}",1
146,False,"{'a': 0.5, 'e': 0.26999999999999935}",20,0,-1.8107595034006503,"{0: 18, 1: 1, 2: 0, 3: 1, 4: 0}",0
147,False,"{'a': 0.5, 'e': 0.26499999999999935}",25,0,-15.115082493537075,"{0: 24, 1: 0, 2: 0, 3: 0, 4: 1}",0
148,False,"{'a': 0.5, 'e': 0.25999999999999934}",20,0,-14.468957770022245,"{0: 19, 1: 0, 2: 0, 3: 0, 4: 1}",0
149,False,"{'a': 0.5, 'e': 0.25499999999999934}",20,0,18.364760646093508,"{0: 20, 1: 0, 2: 0, 3: 0, 4: 0}",0
150,False,"{'a': 0.5, 'e': 0.24999999999999933}",25,0,34.638511350567775,"{0: 25, 1: 0, 2: 0, 3: 0, 4: 0}",0
151,False,"{'a': 0.5, 'e': 0.24499999999999933}",20,0,31.401411774251947,"{0: 20, 1: 0, 2: 0, 3: 0, 4: 0}",0
152,False,"{'a': 0.5, 'e': 0.23999999999999932}",30,12,28.78645988030497,"{0: 18, 1: 0, 2: 0, 3: 0, 4: 0}",1
153,False,"{'a': 0.5, 'e': 0.23499999999999932}",30,0,38.514349569343516,"{0: 30, 1: 0, 2: 0, 3: 0, 4: 0}",0
154,False,"{'a': 0.5, 'e': 0.22999999999999932}",25,16,15.606699106218459,"{0: 9, 1: 0, 2: 0, 3: 0, 4: 0}",1
155,False,"{'a': 0.5, 'e': 0.2249999999999993}",20,0,23.66974714912128,"{0: 20, 1: 0, 2: 0, 3: 0, 4: 0}",1
156,False,"{'a': 0.5, 'e': 0.2199999999999993}",20,8,11.107830424347362,"{0: 12, 1: 0, 2: 0, 3: 0, 4: 0}",1
157,False,"{'a': 0.5, 'e': 0.2149999999999993}",30,6,-7.81704900791085,"{0: 23, 1: 0, 2: 0, 3: 0, 4: 1}",1
158,False,"{'a': 0.5, 'e': 0.2099999999999993}",20,14,10.8424524980826,"{0: 6, 1: 0, 2: 0, 3: 0, 4: 0}",1
159,False,"{'a': 0.5, 'e': 0.2049999999999993}",20,8,18.509877894307596,"{0: 12, 1: 0, 2: 0, 3: 0, 4: 0}",1
160,False,"{'a': 0.5, 'e': 0.1999999999999993}",25,9,21.242257499387964,"{0: 16, 1: 0, 2: 0, 3: 0, 4: 0}",1
161,False,"{'a': 0.5, 'e': 0.19499999999999929}",20,3,22.333303965073483,"{0: 17, 1: 0, 2: 0, 3: 0, 4: 0}",1
162,False,"{'a': 0.5, 'e': 0.18999999999999928}",20,13,9.481649697378302,"{0: 7, 1: 0, 2: 0, 3: 0, 4: 0}",1
163,False,"{'a': 0.5, 'e': 0.18499999999999928}",20,12,16.01644922277648,"{0: 8, 1: 0, 2: 0, 3: 0, 4: 0}",1
164,False,"{'a': 0.5, 'e': 0.17999999999999927}",25,0,33.97546807603922,"{0: 25, 1: 0, 2: 0, 3: 0, 4: 0}",0
165,False,"{'a': 0.5, 'e': 0.17499999999999927}",20,0,23.155327656867705,"{0: 20, 1: 0, 2: 0, 3: 0, 4: 0}",0
166,False,"{'a': 0.5, 'e': 0.16999999999999926}",25,0,35.056713255891665,"{0: 25, 1: 0, 2: 0, 3: 0, 4: 0}",0
167,False,"{'a': 0.5, 'e': 0.16499999999999926}",20,0,23.795957156006722,"{0: 20, 1: 0, 2: 0, 3: 0, 4: 0}",0
168,False,"{'a': 0.5, 'e': 0.15999999999999925}",30,0,31.635325177002635,"{0: 29, 1: 1, 2: 0, 3: 0, 4: 0}",0
169,False,"{'a': 0.5, 'e': 0.15499999999999925}",25,0,22.746036641152863,"{0: 24, 1: 1, 2: 0, 3: 0, 4: 0}",0
170,False,"{'a': 0.5, 'e': 0.14999999999999925}",20,9,15.560892932278154,"{0: 11, 1: 0, 2: 0, 3: 0, 4: 0}",1
171,False,"{'a': 0.5, 'e': 0.14499999999999924}",25,11,14.076815817645526,"{0: 13, 1: 0, 2: 1, 3: 0, 4: 0}",1
172,False,"{'a': 0.5, 'e': 0.13999999999999924}",20,0,19.32085383101273,"{0: 20, 1: 0, 2: 0, 3: 0, 4: 0}",0
173,False,"{'a': 0.5, 'e': 0.13499999999999923}",25,0,-8.91541505162241,"{0: 24, 1: 0, 2: 0, 3: 0, 4: 1}",0
174,False,"{'a': 0.5, 'e': 0.12999999999999923}",20,2,28.340646166370384,"{0: 18, 1: 0, 2: 0, 3: 0, 4: 0}",1
175,False,"{'a': 0.5, 'e': 0.12499999999999922}",25,0,31.370919289188972,"{0: 25, 1: 0, 2: 0, 3: 0, 4: 0}",0
176,False,"{'a': 0.5, 'e': 0.11999999999999922}",25,0,28.141434048714164,"{0: 25, 1: 0, 2: 0, 3: 0, 4: 0}",0
177,False,"{'a': 0.5, 'e': 0.11499999999999921}",25,9,24.186648265293805,"{0: 16, 1: 0, 2: 0, 3: 0, 4: 0}",1
178,False,"{'a': 0.5, 'e': 0.10999999999999921}",20,0,0.7147199211766142,"{0: 19, 1: 0, 2: 0, 3: 1, 4: 0}",0
179,False,"{'a': 0.5, 'e': 0.1049999999999992}",25,0,33.0611217015162,"{0: 25, 1: 0, 2: 0, 3: 0, 4: 0}",0
180,False,"{'a': 0.5, 'e': 0.0999999999999992}",20,0,-20.61007865090463,"{0: 19, 1: 0, 2: 0, 3: 0, 4: 1}",0
181,False,"{'a': 0.5, 'e': 0.0949999999999992}",20,14,9.845217830144652,"{0: 6, 1: 0, 2: 0, 3: 0, 4: 0}",1
182,False,"{'a': 0.5, 'e': 0.08999999999999919}",35,0,6.2704144535183985,"{0: 34, 1: 0, 2: 0, 3: 0, 4: 1}",0
183,False,"{'a': 0.5, 'e': 0.08499999999999919}",20,0,25.7805781169187,"{0: 20, 1: 0, 2: 0, 3: 0, 4: 0}",1
184,False,"{'a': 0.5, 'e': 0.07999999999999918}",30,18,18.51473775807952,"{0: 12, 1: 0, 2: 0, 3: 0, 4: 0}",1
185,False,"{'a': 0.5, 'e': 0.07499999999999918}",20,0,27.325243925741198,"{0: 20, 1: 0, 2: 0, 3: 0, 4: 0}",0
186,False,"{'a': 0.5, 'e': 0.06999999999999917}",20,0,29.686931024842455,"{0: 20, 1: 0, 2: 0, 3: 0, 4: 0}",0
187,False,"{'a': 0.5, 'e': 0.06499999999999917}",25,0,38.33843626932643,"{0: 25, 1: 0, 2: 0, 3: 0, 4: 0}",0
188,False,"{'a': 0.5, 'e': 0.05999999999999917}",20,0,21.85863612098055,"{0: 20, 1: 0, 2: 0, 3: 0, 4: 0}",0
189,False,"{'a': 0.5, 'e': 0.054999999999999175}",30,1,13.037615959171898,"{0: 28, 1: 0, 2: 0, 3: 1, 4: 0}",1
190,False,"{'a': 0.5, 'e': 0.04999999999999918}",20,1,28.19124081951194,"{0: 19, 1: 0, 2: 0, 3: 0, 4: 0}",1
1,True,"{'a': 0, 'e': 0}",20,9,13.594334815859451,"{0: 11, 1: 0, 2: 0, 3: 0, 4: 0}",1
2,True,"{'a': 0, 'e': 0}",20,8,-21.52267419254265,"{0: 11, 1: 0, 2: 0, 3: 0, 4: 1}",1
3,True,"{'a': 0, 'e': 0}",25,0,27.545829730379953,"{0: 25, 1: 0, 2: 0, 3: 0, 4: 0}",0
4,True,"{'a': 0, 'e': 0}",25,0,29.552553502818927,"{0: 25, 1: 0, 2: 0, 3: 0, 4: 0}",0
5,True,"{'a': 0, 'e': 0}",20,0,28.383639975347997,"{0: 20, 1: 0, 2: 0, 3: 0, 4: 0}",0
6,True,"{'a': 0, 'e': 0}",25,20,8.168642242527314,"{0: 5, 1: 0, 2: 0, 3: 0, 4: 0}",1
7,True,"{'a': 0, 'e': 0}",20,0,22.6371644674216,"{0: 19, 1: 1, 2: 0, 3: 0, 4: 0}",0
8,True,"{'a': 0, 'e': 0}",35,0,43.53589153300745,"{0: 35, 1: 0, 2: 0, 3: 0, 4: 0}",0
9,True,"{'a': 0, 'e': 0}",30,8,32.01741959259913,"{0: 22, 1: 0, 2: 0, 3: 0, 4: 0}",1
10,True,"{'a': 0, 'e': 0}",20,0,27.72626417768739,"{0: 20, 1: 0, 2: 0, 3: 0, 4: 0}",1
